﻿Designator,Footprint,Quantity,Value,LCSC Part #
C1,0603,1,2.2uF,
"C10, C9",0603,2,4.7pf,
"C11, C6",0603,2,10uF,
C2,0603,1,0.1uF 16V,
"C3, C4",0603,2,22uF,
C5,0805,1,10uF,
C7,0603,1,0.1uF,
C8,0603,1,22nf,
"CR1, CR2, CR3, CR4",D_SOD-128,4,STPS360AF,
"J1, J2",DSUB-25_Socket_Vertical_P2.77x2.84mm_MountingHoles,2,DB25_Socket,
J3,PinSocket_1x03_P2.54mm_Vertical,1,Conn_01x03,
J4,PHOENIX_1935776,1,Screw_Terminal_01x02,
J5,PinSocket_2x20_P2.54mm_Vertical,1,Pi Connector,
J6,PinSocket_2x02_P2.54mm_Vertical,1,Conn_02x02_Odd_Even,
JP1,Screw_Shunt,1,SCREW_SHUNT,
L1,CLF7045NIT-6R8N-D,1,6.8uH,
Q3,PG-DSO-8-920-V,1,ISA170230C04LMDS,
"R1, R13, R5, R51, R59, R9",0603,6,100,
"R10, R12, R14, R16, R2, R21, R23, R25, R27, R29, R31, R33, R35, R37, R39, R4, R41, R43, R45, R47, R48, R49, R50, R52, R54, R56, R6, R60, R8",0603,29,1k,
"R11, R15, R3, R53, R7",0603,5,4k,
R17,0603,1,100k,
R18,0603,1,3k,
R19,0603,1,13.7k,
"R20, R22, R24, R26, R28, R30, R32, R34, R36, R38, R40, R42, R44, R46, R55",0603,15,2k,
"U1, U12, U2, U3, U4",SOT-23,5,IRLML6344TRPBF,
U10,LQFP-48_7x7mm_P0.5mm,1,LTC2983,
U11,SSOP-24_5.3x8.2mm_P0.65mm,1,CD74HC4067SM,
U5,SOT-23-6,1,LMR51430XFDDCR,
"U6, U7",SOT-23-5,2,MCP6001-OT,
U8,RTC0048A-IPC_A,1,ADS1158IRTCR,
U9,SOT-5X3_DRL_TEX-L,1,LM66200DRLR,
Y1,XTAL_MC-306_32.7680K-A0_ROHS,1,32.768kHz,
